"age";"job";"marital";"education";"default";"housing";"loan";"contact";"month";"day_of_week";"duration";"campaign";"pdays";"previous";"poutcome";"emp.var.rate";"cons.price.idx";"cons.conf.idx";"euribor3m";"nr.employed";"y"
34;"services";"married";"high.school";"no";"no";"no";"telephone";"may";"tue";193;1;999;0;"nonexistent";1.1;93.994;-36.4;4.857;5191;"no"
44;"technician";"divorced";"unknown";"no";"yes";"no";"telephone";"may";"thu";86;1;999;0;"nonexistent";1.1;93.994;-36.4;4.855;5191;"no"
45;"blue-collar";"married";"basic.9y";"unknown";"no";"no";"telephone";"may";"fri";275;1;999;0;"nonexistent";1.1;93.994;-36.4;4.855;5191;"no"
37;"blue-collar";"married";"professional.course";"unknown";"no";"no";"telephone";"may";"tue";128;2;999;0;"nonexistent";1.1;93.994;-36.4;4.856;5191;"no"
42;"blue-collar";"married";"basic.4y";"no";"yes";"yes";"telephone";"may";"wed";97;5;999;0;"nonexistent";1.1;93.994;-36.4;4.859;5191;"no"
39;"blue-collar";"married";"basic.4y";"no";"no";"no";"telephone";"may";"fri";242;7;999;0;"nonexistent";1.1;93.994;-36.4;4.859;5191;"no"
32;"admin.";"single";"university.degree";"no";"no";"no";"telephone";"may";"mon";470;4;999;0;"nonexistent";1.1;93.994;-36.4;4.858;5191;"no"
33;"blue-collar";"married";"professional.course";"no";"yes";"no";"telephone";"may";"wed";161;4;999;0;"nonexistent";1.1;93.994;-36.4;4.858;5191;"no"
28;"services";"single";"high.school";"no";"yes";"yes";"telephone";"may";"fri";372;3;999;0;"nonexistent";1.1;93.994;-36.4;4.857;5191;"no"
27;"admin.";"single";"university.degree";"no";"yes";"no";"telephone";"may";"tue";142;1;999;0;"nonexistent";1.1;93.994;-36.4;4.857;5191;"no"
30;"blue-collar";"single";"basic.9y";"no";"no";"no";"telephone";"may";"wed";207;1;999;0;"nonexistent";1.1;93.994;-36.4;4.857;5191;"no"
37;"self-employed";"single";"university.degree";"unknown";"yes";"no";"telephone";"may";"thu";512;5;999;0;"nonexistent";1.1;93.994;-36.4;4.86;5191;"no"
42;"management";"divorced";"high.school";"no";"no";"no";"telephone";"jun";"mon";163;1;999;0;"nonexistent";1.4;94.465;-41.8;4.865;5228.1;"no"
33;"admin.";"married";"university.degree";"no";"no";"no";"telephone";"jun";"tue";133;3;999;0;"nonexistent";1.4;94.465;-41.8;4.864;5228.1;"no"
32;"services";"married";"high.school";"unknown";"no";"no";"telephone";"jun";"thu";97;2;999;0;"nonexistent";1.4;94.465;-41.8;4.866;5228.1;"no"
36;"technician";"married";"professional.course";"no";"no";"no";"telephone";"jun";"mon";183;1;999;0;"nonexistent";1.4;94.465;-41.8;4.961;5228.1;"no"
34;"admin.";"single";"high.school";"no";"yes";"no";"telephone";"jun";"thu";161;2;999;0;"nonexistent";1.4;94.465;-41.8;4.958;5228.1;"no"
58;"blue-collar";"married";"high.school";"no";"no";"no";"telephone";"jun";"wed";270;3;999;0;"nonexistent";1.4;94.465;-41.8;4.962;5228.1;"no"
54;"housemaid";"divorced";"basic.4y";"unknown";"yes";"no";"telephone";"jun";"fri";238;3;999;0;"nonexistent";1.4;94.465;-41.8;4.959;5228.1;"no"
42;"services";"single";"unknown";"no";"yes";"no";"telephone";"jun";"thu";626;2;999;0;"nonexistent";1.4;94.465;-41.8;4.955;5228.1;"no"
46;"blue-collar";"married";"basic.9y";"no";"yes";"no";"cellular";"jul";"mon";190;1;999;0;"nonexistent";1.4;93.918;-42.7;4.96;5228.1;"no"
27;"admin.";"single";"university.degree";"no";"yes";"yes";"cellular";"jul";"wed";91;1;999;0;"nonexistent";1.4;93.918;-42.7;4.962;5228.1;"no"
31;"technician";"married";"professional.course";"no";"no";"yes";"cellular";"jul";"thu";487;1;999;0;"nonexistent";1.4;93.918;-42.7;4.963;5228.1;"yes"
34;"blue-collar";"married";"basic.4y";"no";"no";"no";"telephone";"jul";"mon";252;4;999;0;"nonexistent";1.4;93.918;-42.7;4.962;5228.1;"no"
36;"blue-collar";"married";"basic.6y";"no";"no";"no";"cellular";"jul";"thu";201;1;999;0;"nonexistent";1.4;93.918;-42.7;4.958;5228.1;"no"
30;"blue-collar";"married";"basic.4y";"unknown";"no";"no";"cellular";"jul";"mon";61;2;999;0;"nonexistent";1.4;93.918;-42.7;4.96;5228.1;"no"
48;"blue-collar";"married";"basic.4y";"no";"yes";"no";"cellular";"jul";"tue";264;1;999;0;"nonexistent";1.4;93.918;-42.7;4.961;5228.1;"no"
54;"services";"married";"high.school";"unknown";"no";"yes";"cellular";"jul";"thu";338;1;999;0;"nonexistent";1.4;93.918;-42.7;4.962;5228.1;"no"
59;"admin.";"divorced";"basic.4y";"unknown";"yes";"yes";"cellular";"jul";"mon";745;6;999;0;"nonexistent";1.4;93.918;-42.7;4.962;5228.1;"yes"
31;"housemaid";"single";"high.school";"no";"yes";"no";"cellular";"jul";"wed";125;3;999;0;"nonexistent";1.4;93.918;-42.7;4.963;5228.1;"no"
27;"self-employed";"married";"university.degree";"no";"yes";"no";"telephone";"jul";"thu";36;3;999;0;"nonexistent";1.4;93.918;-42.7;4.968;5228.1;"no"
34;"technician";"single";"university.degree";"no";"yes";"yes";"cellular";"aug";"wed";455;3;999;0;"nonexistent";1.4;93.444;-36.1;4.967;5228.1;"yes"
45;"blue-collar";"married";"basic.4y";"unknown";"no";"no";"cellular";"aug";"fri";191;1;999;0;"nonexistent";1.4;93.444;-36.1;4.966;5228.1;"no"
30;"admin.";"single";"university.degree";"no";"no";"no";"cellular";"aug";"tue";365;1;999;0;"nonexistent";1.4;93.444;-36.1;4.966;5228.1;"no"
56;"blue-collar";"married";"basic.4y";"no";"yes";"no";"cellular";"aug";"thu";366;1;999;0;"nonexistent";1.4;93.444;-36.1;4.964;5228.1;"no"
40;"management";"married";"university.degree";"unknown";"yes";"no";"cellular";"aug";"tue";110;2;999;0;"nonexistent";1.4;93.444;-36.1;4.963;5228.1;"no"
48;"blue-collar";"married";"basic.9y";"unknown";"no";"no";"cellular";"aug";"thu";1111;3;999;0;"nonexistent";1.4;93.444;-36.1;4.963;5228.1;"no"
53;"housemaid";"married";"unknown";"no";"no";"no";"cellular";"aug";"mon";106;2;999;0;"nonexistent";1.4;93.444;-36.1;4.965;5228.1;"no"
58;"technician";"divorced";"professional.course";"unknown";"no";"no";"cellular";"aug";"wed";36;6;999;0;"nonexistent";1.4;93.444;-36.1;4.964;5228.1;"no"
39;"blue-collar";"married";"basic.9y";"no";"no";"no";"telephone";"oct";"fri";270;1;999;0;"nonexistent";-0.1;93.798;-40.4;5.045;5195.8;"yes"
31;"services";"single";"high.school";"unknown";"yes";"no";"cellular";"nov";"mon";130;3;999;0;"nonexistent";-0.1;93.2;-42;4.191;5195.8;"no"
36;"admin.";"married";"high.school";"no";"yes";"no";"cellular";"nov";"tue";94;2;999;0;"nonexistent";-0.1;93.2;-42;4.153;5195.8;"no"
47;"management";"married";"basic.4y";"unknown";"no";"no";"cellular";"nov";"wed";57;1;999;0;"nonexistent";-0.1;93.2;-42;4.12;5195.8;"no"
38;"entrepreneur";"divorced";"university.degree";"no";"yes";"no";"cellular";"nov";"thu";252;1;999;0;"nonexistent";-0.1;93.2;-42;4.076;5195.8;"no"
30;"blue-collar";"married";"high.school";"no";"yes";"yes";"cellular";"nov";"thu";2453;2;999;0;"nonexistent";-0.1;93.2;-42;4.076;5195.8;"yes"
32;"technician";"single";"university.degree";"no";"yes";"yes";"cellular";"nov";"fri";1162;2;999;0;"nonexistent";-0.1;93.2;-42;4.021;5195.8;"no"
39;"self-employed";"married";"professional.course";"no";"no";"yes";"cellular";"apr";"tue";389;1;999;0;"nonexistent";-1.8;93.075;-47.1;1.453;5099.1;"no"
46;"self-employed";"divorced";"basic.9y";"no";"yes";"no";"cellular";"apr";"thu";453;2;999;0;"nonexistent";-1.8;93.075;-47.1;1.41;5099.1;"no"
34;"self-employed";"single";"university.degree";"no";"yes";"yes";"cellular";"apr";"mon";152;2;999;0;"nonexistent";-1.8;93.075;-47.1;1.405;5099.1;"no"
34;"admin.";"divorced";"high.school";"no";"yes";"no";"telephone";"apr";"tue";946;3;999;0;"nonexistent";-1.8;93.075;-47.1;1.405;5099.1;"no"
53;"technician";"married";"professional.course";"no";"no";"no";"cellular";"may";"mon";206;3;999;0;"nonexistent";-1.8;92.893;-46.2;1.354;5099.1;"yes"
34;"blue-collar";"married";"basic.4y";"no";"yes";"yes";"cellular";"may";"wed";338;4;999;0;"nonexistent";-1.8;92.893;-46.2;1.334;5099.1;"no"
33;"technician";"married";"university.degree";"no";"no";"no";"cellular";"may";"thu";191;3;999;0;"nonexistent";-1.8;92.893;-46.2;1.327;5099.1;"no"
54;"admin.";"divorced";"professional.course";"no";"yes";"no";"telephone";"may";"fri";75;2;999;0;"nonexistent";-1.8;92.893;-46.2;1.313;5099.1;"no"
34;"admin.";"unknown";"university.degree";"no";"yes";"no";"cellular";"may";"mon";447;2;999;0;"nonexistent";-1.8;92.893;-46.2;1.299;5099.1;"no"
42;"services";"single";"high.school";"no";"yes";"no";"cellular";"may";"tue";456;2;999;1;"failure";-1.8;92.893;-46.2;1.291;5099.1;"no"
49;"unemployed";"married";"basic.4y";"unknown";"no";"no";"cellular";"may";"wed";771;2;999;0;"nonexistent";-1.8;92.893;-46.2;1.281;5099.1;"no"
25;"entrepreneur";"single";"university.degree";"no";"yes";"no";"cellular";"may";"thu";415;3;999;0;"nonexistent";-1.8;92.893;-46.2;1.266;5099.1;"no"
25;"blue-collar";"single";"basic.9y";"no";"no";"no";"cellular";"may";"fri";121;3;999;0;"nonexistent";-1.8;92.893;-46.2;1.25;5099.1;"no"
60;"retired";"married";"university.degree";"no";"yes";"no";"cellular";"may";"tue";133;1;3;1;"success";-1.8;92.893;-46.2;1.266;5099.1;"yes"
30;"admin.";"single";"university.degree";"no";"no";"no";"cellular";"jun";"thu";144;1;999;0;"nonexistent";-2.9;92.963;-40.8;1.26;5076.2;"no"
35;"admin.";"single";"university.degree";"no";"yes";"no";"telephone";"aug";"thu";338;1;999;0;"nonexistent";-2.9;92.201;-31.4;0.883;5076.2;"yes"
54;"retired";"married";"professional.course";"unknown";"no";"no";"cellular";"aug";"tue";76;1;999;0;"nonexistent";-2.9;92.201;-31.4;0.838;5076.2;"no"
70;"retired";"married";"basic.4y";"no";"yes";"no";"cellular";"oct";"tue";76;2;999;0;"nonexistent";-3.4;92.431;-26.9;0.737;5017.5;"no"
50;"technician";"married";"high.school";"no";"no";"no";"cellular";"dec";"mon";620;3;999;0;"nonexistent";-3;92.713;-33;0.717;5023.5;"yes"
48;"admin.";"single";"university.degree";"no";"yes";"no";"cellular";"may";"wed";121;4;999;1;"failure";-1.8;93.876;-40;0.672;5008.7;"no"
56;"unemployed";"divorced";"basic.4y";"no";"yes";"no";"cellular";"jul";"mon";187;6;999;0;"nonexistent";-1.7;94.215;-40.3;0.87;4991.6;"yes"
23;"student";"single";"high.school";"no";"no";"yes";"cellular";"sep";"thu";409;2;3;2;"success";-1.1;94.199;-37.5;0.878;4963.6;"yes"
