client_key,age_band,job,marital,education,credit_default,housing_loan,personal_loan
1,1: 17-24,student,single,high school,no,no,yes
2,2: 25-34,admin,divorced,high school,no,yes,no
3,2: 25-34,admin,married,university degree,no,no,no
4,2: 25-34,admin,single,high school,no,yes,no
5,2: 25-34,admin,single,university degree,no,no,no
6,2: 25-34,admin,single,university degree,no,yes,no
7,2: 25-34,admin,single,university degree,no,yes,yes
8,2: 25-34,admin,unknown,university degree,no,yes,no
9,2: 25-34,blue-collar,married,basic 4y,no,no,no
10,2: 25-34,blue-collar,married,basic 4y,no,yes,yes
11,2: 25-34,blue-collar,married,basic 4y,unknown,no,no
12,2: 25-34,blue-collar,married,high school,no,yes,yes
13,2: 25-34,blue-collar,married,professional course,no,yes,no
14,2: 25-34,blue-collar,single,basic 9y,no,no,no
15,2: 25-34,entrepreneur,single,university degree,no,yes,no
16,2: 25-34,housemaid,single,high school,no,yes,no
17,2: 25-34,self-employed,married,university degree,no,yes,no
18,2: 25-34,self-employed,single,university degree,no,yes,yes
19,2: 25-34,services,married,high school,no,no,no
20,2: 25-34,services,married,high school,unknown,no,no
21,2: 25-34,services,single,high school,no,yes,yes
22,2: 25-34,services,single,high school,unknown,yes,no
23,2: 25-34,technician,married,professional course,no,no,yes
24,2: 25-34,technician,married,university degree,no,no,no
25,2: 25-34,technician,single,university degree,no,yes,yes
26,3: 35-44,admin,married,high school,no,yes,no
27,3: 35-44,admin,single,university degree,no,yes,no
28,3: 35-44,blue-collar,married,basic 4y,no,no,no
29,3: 35-44,blue-collar,married,basic 4y,no,yes,yes
30,3: 35-44,blue-collar,married,basic 6y,no,no,no
31,3: 35-44,blue-collar,married,basic 9y,no,no,no
32,3: 35-44,blue-collar,married,professional course,unknown,no,no
33,3: 35-44,entrepreneur,divorced,university degree,no,yes,no
34,3: 35-44,management,divorced,high school,no,no,no
35,3: 35-44,management,married,university degree,unknown,yes,no
36,3: 35-44,self-employed,married,professional course,no,no,yes
37,3: 35-44,self-employed,single,university degree,unknown,yes,no
38,3: 35-44,services,single,high school,no,yes,no
39,3: 35-44,services,single,unknown,no,yes,no
40,3: 35-44,technician,divorced,unknown,no,yes,no
41,3: 35-44,technician,married,professional course,no,no,no
42,4: 45-54,admin,divorced,professional course,no,yes,no
43,4: 45-54,admin,single,university degree,no,yes,no
44,4: 45-54,blue-collar,married,basic 4y,no,yes,no
45,4: 45-54,blue-collar,married,basic 4y,unknown,no,no
46,4: 45-54,blue-collar,married,basic 9y,no,yes,no
47,4: 45-54,blue-collar,married,basic 9y,unknown,no,no
48,4: 45-54,housemaid,divorced,basic 4y,unknown,yes,no
49,4: 45-54,housemaid,married,unknown,no,no,no
50,4: 45-54,management,married,basic 4y,unknown,no,no
51,4: 45-54,retired,married,professional course,unknown,no,no
52,4: 45-54,self-employed,divorced,basic 9y,no,yes,no
53,4: 45-54,services,married,high school,unknown,no,yes
54,4: 45-54,technician,married,high school,no,no,no
55,4: 45-54,technician,married,professional course,no,no,no
56,4: 45-54,unemployed,married,basic 4y,unknown,no,no
57,5: 55-64,admin,divorced,basic 4y,unknown,yes,yes
58,5: 55-64,blue-collar,married,basic 4y,no,yes,no
59,5: 55-64,blue-collar,married,high school,no,no,no
60,5: 55-64,retired,married,university degree,no,yes,no
61,5: 55-64,technician,divorced,professional course,unknown,no,no
62,5: 55-64,unemployed,divorced,basic 4y,no,yes,no
63,6: 65+,retired,married,basic 4y,no,yes,no
