economy_key,emp_var_rate,cons_price_idx,cons_conf_idx,euribor3m,nr_employed,euribor_band
1,-1.8,93.876,-40.0,0.672,5008.7,1: <1%
2,-3.0,92.713,-33.0,0.717,5023.5,1: <1%
3,-3.4,92.431,-26.9,0.737,5017.5,1: <1%
4,-2.9,92.201,-31.4,0.838,5076.2,1: <1%
5,-1.7,94.215,-40.3,0.87,4991.6,1: <1%
6,-1.1,94.199,-37.5,0.878,4963.6,1: <1%
7,-2.9,92.201,-31.4,0.883,5076.2,1: <1%
8,-1.8,92.893,-46.2,1.25,5099.1,2: 1-1.5%
9,-2.9,92.963,-40.8,1.26,5076.2,2: 1-1.5%
10,-1.8,92.893,-46.2,1.266,5099.1,2: 1-1.5%
11,-1.8,92.893,-46.2,1.281,5099.1,2: 1-1.5%
12,-1.8,92.893,-46.2,1.291,5099.1,2: 1-1.5%
13,-1.8,92.893,-46.2,1.299,5099.1,2: 1-1.5%
14,-1.8,92.893,-46.2,1.313,5099.1,2: 1-1.5%
15,-1.8,92.893,-46.2,1.327,5099.1,2: 1-1.5%
16,-1.8,92.893,-46.2,1.334,5099.1,2: 1-1.5%
17,-1.8,92.893,-46.2,1.354,5099.1,2: 1-1.5%
18,-1.8,93.075,-47.1,1.405,5099.1,2: 1-1.5%
19,-1.8,93.075,-47.1,1.41,5099.1,2: 1-1.5%
20,-1.8,93.075,-47.1,1.453,5099.1,2: 1-1.5%
21,-0.1,93.2,-42.0,4.021,5195.8,4: 4-4.9%
22,-0.1,93.2,-42.0,4.076,5195.8,4: 4-4.9%
23,-0.1,93.2,-42.0,4.12,5195.8,4: 4-4.9%
24,-0.1,93.2,-42.0,4.153,5195.8,4: 4-4.9%
25,-0.1,93.2,-42.0,4.191,5195.8,4: 4-4.9%
26,1.1,93.994,-36.4,4.855,5191.0,4: 4-4.9%
27,1.1,93.994,-36.4,4.856,5191.0,4: 4-4.9%
28,1.1,93.994,-36.4,4.857,5191.0,4: 4-4.9%
29,1.1,93.994,-36.4,4.858,5191.0,4: 4-4.9%
30,1.1,93.994,-36.4,4.859,5191.0,4: 4-4.9%
31,1.1,93.994,-36.4,4.86,5191.0,4: 4-4.9%
32,1.4,94.465,-41.8,4.864,5228.1,4: 4-4.9%
33,1.4,94.465,-41.8,4.865,5228.1,4: 4-4.9%
34,1.4,94.465,-41.8,4.866,5228.1,4: 4-4.9%
35,1.4,94.465,-41.8,4.955,5228.1,5: 4.9%+
36,1.4,93.918,-42.7,4.958,5228.1,5: 4.9%+
37,1.4,94.465,-41.8,4.958,5228.1,5: 4.9%+
38,1.4,94.465,-41.8,4.959,5228.1,5: 4.9%+
39,1.4,93.918,-42.7,4.96,5228.1,5: 4.9%+
40,1.4,93.918,-42.7,4.961,5228.1,5: 4.9%+
41,1.4,94.465,-41.8,4.961,5228.1,5: 4.9%+
42,1.4,93.918,-42.7,4.962,5228.1,5: 4.9%+
43,1.4,94.465,-41.8,4.962,5228.1,5: 4.9%+
44,1.4,93.444,-36.1,4.963,5228.1,5: 4.9%+
45,1.4,93.918,-42.7,4.963,5228.1,5: 4.9%+
46,1.4,93.444,-36.1,4.964,5228.1,5: 4.9%+
47,1.4,93.444,-36.1,4.965,5228.1,5: 4.9%+
48,1.4,93.444,-36.1,4.966,5228.1,5: 4.9%+
49,1.4,93.444,-36.1,4.967,5228.1,5: 4.9%+
50,1.4,93.918,-42.7,4.968,5228.1,5: 4.9%+
51,-0.1,93.798,-40.4,5.045,5195.8,5: 4.9%+
