period_key,month_num,month_name,quarter,dow_num,day_name
41,4,Apr,2,1,Mon
42,4,Apr,2,2,Tue
44,4,Apr,2,4,Thu
51,5,May,2,1,Mon
52,5,May,2,2,Tue
53,5,May,2,3,Wed
54,5,May,2,4,Thu
55,5,May,2,5,Fri
61,6,Jun,2,1,Mon
62,6,Jun,2,2,Tue
63,6,Jun,2,3,Wed
64,6,Jun,2,4,Thu
65,6,Jun,2,5,Fri
71,7,Jul,3,1,Mon
72,7,Jul,3,2,Tue
73,7,Jul,3,3,Wed
74,7,Jul,3,4,Thu
81,8,Aug,3,1,Mon
82,8,Aug,3,2,Tue
83,8,Aug,3,3,Wed
84,8,Aug,3,4,Thu
85,8,Aug,3,5,Fri
94,9,Sep,3,4,Thu
102,10,Oct,4,2,Tue
105,10,Oct,4,5,Fri
111,11,Nov,4,1,Mon
112,11,Nov,4,2,Tue
113,11,Nov,4,3,Wed
114,11,Nov,4,4,Thu
115,11,Nov,4,5,Fri
121,12,Dec,4,1,Mon
