contact_id,client_key,period_key,channel_key,prev_key,economy_key,age,duration_sec,call_length_band,campaign_calls,calls_band,days_since_prev_campaign,previous_contacts,was_previously_contacted,converted,is_heavy_contact
1,18,41,1,2,18,34,152,2: 2-5 min,2,2: 2 calls,,0,0,0,0
2,2,42,2,2,18,34,946,4: 10+ min,3,3: 3 calls,,0,0,0,0
3,36,42,1,2,20,39,389,3: 5-10 min,1,1: 1 call,,0,0,0,0
4,52,44,1,2,19,46,453,3: 5-10 min,2,2: 2 calls,,0,0,0,0
5,5,51,2,2,29,32,470,3: 5-10 min,4,4: 4-5 calls,,0,0,0,0
6,8,51,1,2,13,34,447,3: 5-10 min,2,2: 2 calls,,0,0,0,0
7,55,51,1,2,17,53,206,2: 2-5 min,3,3: 3 calls,,0,0,1,0
8,6,52,2,2,28,27,142,2: 2-5 min,1,1: 1 call,,0,0,0,0
9,19,52,2,2,28,34,193,2: 2-5 min,1,1: 1 call,,0,0,0,0
10,32,52,2,2,27,37,128,2: 2-5 min,2,2: 2 calls,,0,0,0,0
11,38,52,1,1,12,42,456,3: 5-10 min,2,2: 2 calls,,1,1,0,0
12,60,52,1,3,10,60,133,2: 2-5 min,1,1: 1 call,3,1,1,1,0
13,14,53,2,2,28,30,207,2: 2-5 min,1,1: 1 call,,0,0,0,0
14,13,53,2,2,29,33,161,2: 2-5 min,4,4: 4-5 calls,,0,0,0,0
15,10,53,1,2,16,34,338,3: 5-10 min,4,4: 4-5 calls,,0,0,0,0
16,29,53,2,2,30,42,97,1: <2 min,5,4: 4-5 calls,,0,0,0,0
17,43,53,1,1,1,48,121,2: 2-5 min,4,4: 4-5 calls,,1,1,0,0
18,56,53,1,2,11,49,771,4: 10+ min,2,2: 2 calls,,0,0,0,0
19,15,54,1,2,10,25,415,3: 5-10 min,3,3: 3 calls,,0,0,0,0
20,24,54,1,2,15,33,191,2: 2-5 min,3,3: 3 calls,,0,0,0,0
21,37,54,2,2,31,37,512,3: 5-10 min,5,4: 4-5 calls,,0,0,0,0
22,40,54,2,2,26,44,86,1: <2 min,1,1: 1 call,,0,0,0,0
23,14,55,1,2,8,25,121,2: 2-5 min,3,3: 3 calls,,0,0,0,0
24,21,55,2,2,28,28,372,3: 5-10 min,3,3: 3 calls,,0,0,0,0
25,28,55,2,2,30,39,242,2: 2-5 min,7,5: 6-10 calls,,0,0,0,0
26,47,55,2,2,26,45,275,2: 2-5 min,1,1: 1 call,,0,0,0,0
27,42,55,2,2,14,54,75,1: <2 min,2,2: 2 calls,,0,0,0,0
28,41,61,2,2,41,36,183,2: 2-5 min,1,1: 1 call,,0,0,0,0
29,34,61,2,2,33,42,163,2: 2-5 min,1,1: 1 call,,0,0,0,0
30,3,62,2,2,32,33,133,2: 2-5 min,3,3: 3 calls,,0,0,0,0
31,59,63,2,2,43,58,270,2: 2-5 min,3,3: 3 calls,,0,0,0,0
32,5,64,1,2,9,30,144,2: 2-5 min,1,1: 1 call,,0,0,0,0
33,20,64,2,2,34,32,97,1: <2 min,2,2: 2 calls,,0,0,0,0
34,4,64,2,2,37,34,161,2: 2-5 min,2,2: 2 calls,,0,0,0,0
35,39,64,2,2,35,42,626,4: 10+ min,2,2: 2 calls,,0,0,0,0
36,48,65,2,2,38,54,238,2: 2-5 min,3,3: 3 calls,,0,0,0,0
37,11,71,1,2,39,30,61,1: <2 min,2,2: 2 calls,,0,0,0,0
38,9,71,2,2,42,34,252,2: 2-5 min,4,4: 4-5 calls,,0,0,0,0
39,46,71,1,2,39,46,190,2: 2-5 min,1,1: 1 call,,0,0,0,0
40,62,71,1,2,5,56,187,2: 2-5 min,6,5: 6-10 calls,,0,0,1,0
41,57,71,1,2,42,59,745,4: 10+ min,6,5: 6-10 calls,,0,0,1,0
42,44,72,1,2,40,48,264,2: 2-5 min,1,1: 1 call,,0,0,0,0
43,7,73,1,2,42,27,91,1: <2 min,1,1: 1 call,,0,0,0,0
44,16,73,1,2,45,31,125,2: 2-5 min,3,3: 3 calls,,0,0,0,0
45,17,74,2,2,50,27,36,1: <2 min,3,3: 3 calls,,0,0,0,0
46,23,74,1,2,45,31,487,3: 5-10 min,1,1: 1 call,,0,0,1,0
47,30,74,1,2,36,36,201,2: 2-5 min,1,1: 1 call,,0,0,0,0
48,53,74,1,2,42,54,338,3: 5-10 min,1,1: 1 call,,0,0,0,0
49,49,81,1,2,47,53,106,1: <2 min,2,2: 2 calls,,0,0,0,0
50,5,82,1,2,48,30,365,3: 5-10 min,1,1: 1 call,,0,0,0,0
51,35,82,1,2,44,40,110,1: <2 min,2,2: 2 calls,,0,0,0,0
52,51,82,1,2,4,54,76,1: <2 min,1,1: 1 call,,0,0,0,0
53,25,83,1,2,49,34,455,3: 5-10 min,3,3: 3 calls,,0,0,1,0
54,61,83,1,2,46,58,36,1: <2 min,6,5: 6-10 calls,,0,0,0,0
55,27,84,2,2,7,35,338,3: 5-10 min,1,1: 1 call,,0,0,1,0
56,47,84,1,2,44,48,1111,4: 10+ min,3,3: 3 calls,,0,0,0,0
57,58,84,1,2,46,56,366,3: 5-10 min,1,1: 1 call,,0,0,0,0
58,45,85,1,2,48,45,191,2: 2-5 min,1,1: 1 call,,0,0,0,0
59,1,94,1,3,6,23,409,3: 5-10 min,2,2: 2 calls,3,2,1,1,0
60,63,102,1,2,3,70,76,1: <2 min,2,2: 2 calls,,0,0,0,0
61,31,105,2,2,51,39,270,2: 2-5 min,1,1: 1 call,,0,0,1,0
62,22,111,1,2,25,31,130,2: 2-5 min,3,3: 3 calls,,0,0,0,0
63,26,112,1,2,24,36,94,1: <2 min,2,2: 2 calls,,0,0,0,0
64,50,113,1,2,23,47,57,1: <2 min,1,1: 1 call,,0,0,0,0
65,12,114,1,2,22,30,2453,4: 10+ min,2,2: 2 calls,,0,0,1,0
66,33,114,1,2,22,38,252,2: 2-5 min,1,1: 1 call,,0,0,0,0
67,25,115,1,2,21,32,1162,4: 10+ min,2,2: 2 calls,,0,0,0,0
68,54,121,1,2,2,50,620,4: 10+ min,3,3: 3 calls,,0,0,1,0
